USE green_univ;

###############################################
# 작성자: id3ntity99(이현민)
# 설명 : 더미 데이터(가짜 데이터) 삽입 스크립트
###############################################

INSERT INTO `user` VALUES 
("abc123", SHA2("abc@123", 256), "김철수", "010203-1234567", "abc123@example.com", "010-1111-2222", "admin", 1, NOW(), NULL),
("jjm123", SHA2("jjm@123", 256), "진재문", "630512-1234567", "jjm123@ks.ac.kr", "010-2222-3333", "professor", 1, NOW(), NULL),
("prof121", SHA2("abc@123", 256), "김국어", "010203-1234561", "prof121@example.com", "010-1111-2201", "professor", 1, NOW(), NULL),
("prof122", SHA2("abc@123", 256), "김영어", "010203-1234562", "prof122@example.com", "010-1111-2202", "professor", 1, NOW(), NULL),
("prof123", SHA2("abc@123", 256), "김일어", "010203-1234563", "prof123@example.com", "010-1111-9784", "professor", 1, NOW(), NULL),
("prof124", SHA2("abc@123", 256), "김중어", "010203-1234564", "prof124@example.com", "010-1111-2203", "professor", 1, NOW(), NULL),
("prof125", SHA2("abc@123", 256), "김역사", "010203-1234565", "prof125@example.com", "010-1111-2205", "professor", 1, NOW(), NULL),
("prof126", SHA2("abc@123", 256), "김경제", "010203-1234566", "prof126@example.com", "010-1111-2206", "professor", 1, NOW(), NULL),
("prof127", SHA2("abc@123", 256), "김경영", "010203-9908213", "prof127@example.com", "010-1111-2207", "professor", 1, NOW(), NULL),
("prof128", SHA2("abc@123", 256), "김법학", "010203-1234568", "prof128@example.com", "010-1111-2208", "professor", 1, NOW(), NULL),
("prof129", SHA2("abc@123", 256), "김철학", "010203-1234569", "prof129@example.com", "010-1111-2209", "professor", 1, NOW(), NULL),
("prof130", SHA2("abc@123", 256), "김정치", "010203-1234510", "prof130@example.com", "010-1111-2210", "professor", 1, NOW(), NULL),
("prof131", SHA2("abc@123", 256), "김행정", "010203-1234511", "prof131@example.com", "010-1111-2211", "professor", 1, NOW(), NULL),
("prof132", SHA2("abc@123", 256), "김사회", "010203-1234512", "prof132@example.com", "010-1111-2212", "professor", 1, NOW(), NULL),
("prof133", SHA2("abc@123", 256), "김유아", "010203-1234513", "prof133@example.com", "010-1111-2213", "professor", 1, NOW(), NULL),
("prof134", SHA2("abc@123", 256), "김수학", "010203-1234514", "prof134@example.com", "010-1111-2214", "professor", 1, NOW(), NULL),
("prof135", SHA2("abc@123", 256), "김물리", "010203-1234515", "prof135@example.com", "010-1111-2215", "professor", 1, NOW(), NULL),
("prof136", SHA2("abc@123", 256), "김화학", "010203-1234516", "prof136@example.com", "010-1111-2216", "professor", 1, NOW(), NULL),
("prof137", SHA2("abc@123", 256), "김천문", "010203-1234517", "prof137@example.com", "010-1111-2217", "professor", 1, NOW(), NULL),
("prof138", SHA2("abc@123", 256), "김지구", "010203-1234518", "prof138@example.com", "010-1111-2218", "professor", 1, NOW(), NULL),
("prof139", SHA2("abc@123", 256), "김생명", "010203-1234519", "prof139@example.com", "010-1111-2219", "professor", 1, NOW(), NULL),
("prof140", SHA2("abc@123", 256), "김생물", "010203-1234520", "prof140@example.com", "010-1111-2220", "professor", 1, NOW(), NULL),
("prof141", SHA2("abc@123", 256), "김해양", "010203-1234521", "prof141@example.com", "010-1111-2221", "professor", 1, NOW(), NULL),
("prof142", SHA2("abc@123", 256), "김기계", "010203-1234522", "prof142@example.com", "010-1111-2983", "professor", 1, NOW(), NULL),
("prof143", SHA2("abc@123", 256), "김전자", "010203-1234523", "prof143@example.com", "010-1111-2223", "professor", 1, NOW(), NULL),
("prof144", SHA2("abc@123", 256), "김전기", "010203-1234524", "prof144@example.com", "010-1111-2224", "professor", 1, NOW(), NULL),
("prof145", SHA2("abc@123", 256), "김컴공", "010203-1234525", "prof145@example.com", "010-1111-2225", "professor", 1, NOW(), NULL),
("prof146", SHA2("abc@123", 256), "김건축", "010203-1234526", "prof146@example.com", "010-1111-2226", "professor", 1, NOW(), NULL),
("prof147", SHA2("abc@123", 256), "김재료", "010203-1234527", "prof147@example.com", "010-1111-2227", "professor", 1, NOW(), NULL),
("prof148", SHA2("abc@123", 256), "김화공", "010203-1234528", "prof148@example.com", "010-1111-2228", "professor", 1, NOW(), NULL),
("prof149", SHA2("abc@123", 256), "김국교", "010203-1234529", "prof149@example.com", "010-1111-2229", "professor", 1, NOW(), NULL),
("prof150", SHA2("abc@123", 256), "김영교", "010203-1234530", "prof150@example.com", "010-1111-2230", "professor", 1, NOW(), NULL),
("prof151", SHA2("abc@123", 256), "김수교", "010203-1234531", "prof151@example.com", "010-1111-2231", "professor", 1, NOW(), NULL),
("prof152", SHA2("abc@123", 256), "김윤리", "010203-1234532", "prof152@example.com", "010-1111-2232", "professor", 1, NOW(), NULL),
("prof153", SHA2("abc@123", 256), "김교육", "010203-1234533", "prof153@example.com", "010-1111-2233", "professor", 1, NOW(), NULL),
("prof154", SHA2("abc@123", 256), "김사회", "010203-1234534", "prof154@example.com", "010-1111-2234", "professor", 1, NOW(), NULL),
("prof155", SHA2("abc@123", 256), "김역교", "010203-1234535", "prof155@example.com", "010-1111-2235", "professor", 1, NOW(), NULL),
("prof156", SHA2("abc@123", 256), "김체육", "010203-1234536", "prof156@example.com", "010-1111-2236", "professor", 1, NOW(), NULL),
("prof157", SHA2("abc@123", 256), "김특수", "010203-1234537", "prof157@example.com", "010-1111-2237", "professor", 1, NOW(), NULL),
("prof158", SHA2("abc@123", 256), "김경대", "010203-1234538", "prof158@example.com", "010-1111-2238", "professor", 1, NOW(), NULL),
("prof159", SHA2("abc@123", 256), "김제대", "010203-1234539", "prof159@example.com", "010-1111-2239", "professor", 1, NOW(), NULL),
("prof160", SHA2("abc@123", 256), "김행대", "010203-1234540", "prof160@example.com", "010-1111-2240", "professor", 1, NOW(), NULL),
("prof161", SHA2("abc@123", 256), "김교대", "010203-1234541", "prof161@example.com", "010-1111-2241", "professor", 1, NOW(), NULL),
("prof162", SHA2("abc@123", 256), "김산업", "010203-1234542", "prof162@example.com", "010-1111-2242", "professor", 1, NOW(), NULL),



("prof163", SHA2("abc@123", 256), "박옥자", "010203-1234543", "prof163@example.com", "010-1111-2243", "professor", 1, NOW(), NULL),
("prof164", SHA2("abc@123", 256), "제갈민수", "010203-1234544", "prof164@example.com", "010-1111-2244", "professor", 1, NOW(), NULL),
("prof165", SHA2("abc@123", 256), "김미영", "010203-1234545", "prof165@example.com", "010-1111-2245", "professor", 1, NOW(), NULL),
("hgd123", SHA2("abc@123", 256), "홍길동", "010203-9875643", "hgd123@example.com", "010-2222-1234", "student", 1, NOW(), NULL),
("kyh123", SHA2("abc@123", 256), "김영희", "010203-9875642", "kyh123@example.com", "010-2222-1233", "student", 1, NOW(), NULL),
("kmj123", SHA2("abc@123", 256), "김민지", "010203-9875641", "kmj123@example.com", "010-2222-1232", "student", 1, NOW(), NULL);

INSERT INTO `club` SET `name`="배드민턴 중앙동아리", `content`="배트민턴 중앙동아리를 소개합니다!";
INSERT INTO `club` (`name`, `content`, `url`) VALUES 
("연극 동아리 Masquerade", "연극 중앙동아리 Masquerade를 소개합니다!", "https://instagram.com"),
("코딩 동아리 Code:us", "코딩 동아리 Code:us를 소개합니다!", "https://facebook.com");


-- 단과대학
-- 강의등록 페이지의 단과대학 선택 옵션을 하드코딩 할 수 없으므로 별도의 테이블 지정
INSERT INTO `college` VALUES 
(1, "인문사회대학"),
(2, "자연과학대학"),
(3, "공과대학"),
(4, "사범대학"),
(5, "대학원");

INSERT INTO `department` VALUES 
(101, 1, "국어국문학과", "051-123-1001"),
(102, 1, "영어영문학과", "051-123-1002"),
(103, 1, "일어일문학과", "051-123-1003"),
(104, 1, "중어중문학과", "051-123-1004"),
(105, 1,  "역사학과", "051-123-1005"),
(106, 1,  "경제학과", "051-123-1006"),
(107, 1,  "경영학과", "051-123-1007"),
(108, 1,  "법학과", "051-123-1008"),
(109, 1,  "철학과", "051-123-1009"),
(110, 1,  "정치외교학과", "051-123-1010"),
(111, 1,  "행정학과", "051-123-1011"),
(112, 1,  "사회복지학과", "051-663-4509"),
(113, 1,  "유아교육학과", "051-123-1013"),
(201, 2, "수학과", "051-123-2001"),
(202, 2, "물리학과", "051-123-2002"),
(203, 2, "화학과", "051-123-2003"),
(204, 2, "천문학과", "051-123-2004"),
(205, 2, "지구과학과", "051-123-2005"),
(206, 2, "생명과학과", "051-123-2006"),
(207, 2, "미생물학과", "051-123-2007"),
(208, 2, "해양학과", "051-123-2008"),
(301, 3, "기계공학과", "051-123-3001"),
(302, 3, "전자공학과", "051-123-3002"),
(303, 3, "전기공학과", "051-123-3003"),
(304, 3, "컴퓨터공학과", "051-123-3004"),
(305, 3, "건축공학과", "051-123-3005"),
(306, 3, "재료공학과", "051-123-3006"),
(307, 3, "화학공학과", "051-123-3007"),
(401, 4, "국어교육과", "051-123-4001"),
(402, 4, "영어교육과", "051-123-4002"),
(403, 4, "수학교육과", "051-123-4003"),
(404, 4, "윤리학과", "051-123-4004"),
(405, 4, "교육학과", "051-123-4005"),
(406, 4, "사회교육과", "051-123-4006"),
(407, 4, "역사교육과", "051-123-4007"),
(408, 4, "체육교육과", "051-123-4008"),
(409, 4, "특수교육과", "051-123-4009"),
(501, 5, "경영대학원", "051-123-5001"),
(502, 5, "경제대학원", "051-123-5002"),
(503, 5, "행정대학원", "051-123-5003"),
(504, 5, "교육대학원", "051-123-5004"),
(505, 5, "산업대학원", "051-123-5005");

INSERT INTO `faq` (`category`, `question`, `answer`) VALUES 
("휴복학 관련", "일반휴학 연장은 몇 학기까지 가능한가요?", "휴학연장은 1회에 2학기 가능하고 총 6학기 휴학 가능합니다"),
("휴복학 관련", "복학하려고 하는데 어떻게 신청하나요??", "휴학연장은 1회에 2학기 가능하고 총 6학기 휴학 가능합니다"),
("휴복학 관련", "등록금 납부 및 등록 후 일반 휴학 가능한가요? 환불은 언제되나요??", "휴학연장은 1회에 2학기 가능하고 총 6학기 휴학 가능합니다"),
("휴복학 관련", "군휴학을 하려면 입영통지서 말고 어떤 서류가 필요하나요?", "휴학연장은 1회에 2학기 가능하고 총 6학기 휴학 가능합니다"),
("교과 및 학사 관련", "학과별 교과과정과 학사안내를 확인하고 싶은데, 어떻게 확인할 수 있나요?", "홈페이지 내 대학요람(대학생활 안내)를 통해 해당 입학년도, 해당 학과의 교과과정과 학사안내를 확인하세요"),
("교과 및 학사 관련", "복수전공 취소 또는 부전공 전환 신청은 어떻게 하나요?", "홈페이지 내 대학요람(대학생활 안내)를 통해 해당 입학년도, 해당 학과의 교과과정과 학사안내를 확인하세요"),
("교과 및 학사 관련", "수강신청은 어떻게 하나요??", "홈페이지 내 대학요람(대학생활 안내)를 통해 해당 입학년도, 해당 학과의 교과과정과 학사안내를 확인하세요"),
("수강신청 관련", "4학년 2학기에도 최소 12학점을 수강해야 하나요?", "수강신청 안내를 참고하시기 바랍니다."),
("수강신청 관련", "9학기 이상 등록자는 수강신청학점에 따라 등록금이 달라지나요?", "수강신청 안내를 참고하시기 바랍니다."),
("수강신청 관련", "수강신청은 어떻게 하나요??", "수강신청 안내를 참고하시기 바랍니다.");

-- 교수번호 = P + 학과번호 + 교수 고유번호(총 7자리).
-- 예시: P + 112(사회복지학과 번호) + 001(교수 고유번호) = P112001

-- 인문사회대학 교수
INSERT INTO `professor` VALUES 
("P101001", "prof121", 101, 1),
("P102001", "prof122", 102, 1),
("P103001", "prof123", 103, 1),
("P104001", "prof124", 104, 1),
("P105001", "prof125", 105, 1),
("P106001", "prof126", 106, 1),
("P107001", "prof127", 107, 1),
("P108001", "prof128", 108, 1),
("P109001", "prof129", 109, 1),
("P110001", "prof130", 110, 1),
("P111001", "prof131", 111, 1),
("P112001", "jjm123", 112, 1),
("P113001", "prof133", 113, 1);

-- 자연과학대학 교수
INSERT INTO `professor` VALUES 
("P201001", "prof134", 201, 1),
("P202001", "prof135", 202, 1),
("P203001", "prof136", 203, 1),
("P204001", "prof137", 204, 1),
("P205001", "prof138", 205, 1),
("P206001", "prof139", 206, 1),
("P207001", "prof140", 207, 1),
("P208001", "prof141", 208, 1);

-- 공과대학 교수
INSERT INTO `professor` VALUES 
("P301001", "prof142", 301, 1),
("P302001", "prof143", 302, 1),
("P303001", "prof144", 303, 1),
("P304001", "prof145", 304, 1),
("P305001", "prof146", 305, 1),
("P306001", "prof147", 306, 1),
("P307001", "prof148", 307, 1);

-- 사범대학 교수
INSERT INTO `professor` VALUES 
("P401001", "prof149", 401, 1),
("P402001", "prof150", 402, 1),
("P403001", "prof151", 403, 1),
("P404001", "prof152", 404, 1),
("P405001", "prof153", 405, 1),
("P406001", "prof154", 406, 1),
("P407001", "prof155", 407, 1),
("P408001", "prof156", 408, 1),
("P409001", "prof157", 409, 1);

-- 대학원 교수
INSERT INTO `professor` VALUES 
("P501001", "prof158", 501, 1),
("P502001", "prof159", 502, 1),
("P503001", "prof160", 503, 1),
("P504001", "prof161", 504, 1),
("P505001", "prof162", 505, 1);