USE green_univ;

###############################################
# 작성자: id3ntity99(이현민)
# 설명 : 더미 데이터(가짜 데이터) 삽입 스크립트
###############################################

INSERT INTO `user` VALUES 
("abc123", SHA2("abc@123", 256), "김철수", "010203-1234567", "abc123@example.com", "010-1111-2222", "admin", 1, NOW(), NULL),
("jjm123", SHA2("jjm@123", 256), "진재문", "630512-1234567", "jjm123@ks.ac.kr", "010-2222-3333", "professor", 1, NOW(), NULL),
("prof121", SHA2("abc@123", 256), "김국어", "010203-1234561", "prof121@example.com", "010-1111-2201", "professor", 1, NOW(), NULL),
("prof122", SHA2("abc@123", 256), "김영어", "010203-1234562", "prof122@example.com", "010-1111-2202", "professor", 1, NOW(), NULL),
("prof123", SHA2("abc@123", 256), "김일어", "010203-1234563", "prof123@example.com", "010-1111-9784", "professor", 1, NOW(), NULL),
("prof124", SHA2("abc@123", 256), "김중어", "010203-1234564", "prof124@example.com", "010-1111-2203", "professor", 1, NOW(), NULL),
("prof125", SHA2("abc@123", 256), "김역사", "010203-1234565", "prof125@example.com", "010-1111-2205", "professor", 1, NOW(), NULL),
("prof126", SHA2("abc@123", 256), "김경제", "010203-1234566", "prof126@example.com", "010-1111-2206", "professor", 1, NOW(), NULL),
("prof127", SHA2("abc@123", 256), "김경영", "010203-9908213", "prof127@example.com", "010-1111-2207", "professor", 1, NOW(), NULL),
("prof128", SHA2("abc@123", 256), "김법학", "010203-1234568", "prof128@example.com", "010-1111-2208", "professor", 1, NOW(), NULL),
("prof129", SHA2("abc@123", 256), "김철학", "010203-1234569", "prof129@example.com", "010-1111-2209", "professor", 1, NOW(), NULL),
("prof130", SHA2("abc@123", 256), "김정치", "010203-1234510", "prof130@example.com", "010-1111-2210", "professor", 1, NOW(), NULL),
("prof131", SHA2("abc@123", 256), "김행정", "010203-1234511", "prof131@example.com", "010-1111-2211", "professor", 1, NOW(), NULL),
("prof132", SHA2("abc@123", 256), "김사회", "010203-1234512", "prof132@example.com", "010-1111-2212", "professor", 1, NOW(), NULL),
("prof133", SHA2("abc@123", 256), "김유아", "010203-1234513", "prof133@example.com", "010-1111-2213", "professor", 1, NOW(), NULL),
("prof134", SHA2("abc@123", 256), "김수학", "010203-1234514", "prof134@example.com", "010-1111-2214", "professor", 1, NOW(), NULL),
("prof135", SHA2("abc@123", 256), "김물리", "010203-1234515", "prof135@example.com", "010-1111-2215", "professor", 1, NOW(), NULL),
("prof136", SHA2("abc@123", 256), "김화학", "010203-1234516", "prof136@example.com", "010-1111-2216", "professor", 1, NOW(), NULL),
("prof137", SHA2("abc@123", 256), "김천문", "010203-1234517", "prof137@example.com", "010-1111-2217", "professor", 1, NOW(), NULL),
("prof138", SHA2("abc@123", 256), "김지구", "010203-1234518", "prof138@example.com", "010-1111-2218", "professor", 1, NOW(), NULL),
("prof139", SHA2("abc@123", 256), "김생명", "010203-1234519", "prof139@example.com", "010-1111-2219", "professor", 1, NOW(), NULL),
("prof140", SHA2("abc@123", 256), "김생물", "010203-1234520", "prof140@example.com", "010-1111-2220", "professor", 1, NOW(), NULL),
("prof141", SHA2("abc@123", 256), "김해양", "010203-1234521", "prof141@example.com", "010-1111-2221", "professor", 1, NOW(), NULL),
("prof142", SHA2("abc@123", 256), "김기계", "010203-1234522", "prof142@example.com", "010-1111-2983", "professor", 1, NOW(), NULL),
("prof143", SHA2("abc@123", 256), "김전자", "010203-1234523", "prof143@example.com", "010-1111-2223", "professor", 1, NOW(), NULL),
("prof144", SHA2("abc@123", 256), "김전기", "010203-1234524", "prof144@example.com", "010-1111-2224", "professor", 1, NOW(), NULL),
("prof145", SHA2("abc@123", 256), "김컴공", "010203-1234525", "prof145@example.com", "010-1111-2225", "professor", 1, NOW(), NULL),
("prof146", SHA2("abc@123", 256), "김건축", "010203-1234526", "prof146@example.com", "010-1111-2226", "professor", 1, NOW(), NULL),
("prof147", SHA2("abc@123", 256), "김재료", "010203-1234527", "prof147@example.com", "010-1111-2227", "professor", 1, NOW(), NULL),
("prof148", SHA2("abc@123", 256), "김화공", "010203-1234528", "prof148@example.com", "010-1111-2228", "professor", 1, NOW(), NULL),
("prof149", SHA2("abc@123", 256), "김국교", "010203-1234529", "prof149@example.com", "010-1111-2229", "professor", 1, NOW(), NULL),
("prof150", SHA2("abc@123", 256), "김영교", "010203-1234530", "prof150@example.com", "010-1111-2230", "professor", 1, NOW(), NULL),
("prof151", SHA2("abc@123", 256), "김수교", "010203-1234531", "prof151@example.com", "010-1111-2231", "professor", 1, NOW(), NULL),
("prof152", SHA2("abc@123", 256), "김윤리", "010203-1234532", "prof152@example.com", "010-1111-2232", "professor", 1, NOW(), NULL),
("prof153", SHA2("abc@123", 256), "김교육", "010203-1234533", "prof153@example.com", "010-1111-2233", "professor", 1, NOW(), NULL),
("prof154", SHA2("abc@123", 256), "김사회", "010203-1234534", "prof154@example.com", "010-1111-2234", "professor", 1, NOW(), NULL),
("prof155", SHA2("abc@123", 256), "김역교", "010203-1234535", "prof155@example.com", "010-1111-2235", "professor", 1, NOW(), NULL),
("prof156", SHA2("abc@123", 256), "김체육", "010203-1234536", "prof156@example.com", "010-1111-2236", "professor", 1, NOW(), NULL),
("prof157", SHA2("abc@123", 256), "김특수", "010203-1234537", "prof157@example.com", "010-1111-2237", "professor", 1, NOW(), NULL),
("prof158", SHA2("abc@123", 256), "김경대", "010203-1234538", "prof158@example.com", "010-1111-2238", "professor", 1, NOW(), NULL),
("prof159", SHA2("abc@123", 256), "김제대", "010203-1234539", "prof159@example.com", "010-1111-2239", "professor", 1, NOW(), NULL),
("prof160", SHA2("abc@123", 256), "김행대", "010203-1234540", "prof160@example.com", "010-1111-2240", "professor", 1, NOW(), NULL),
("prof161", SHA2("abc@123", 256), "김교대", "010203-1234541", "prof161@example.com", "010-1111-2241", "professor", 1, NOW(), NULL),
("prof162", SHA2("abc@123", 256), "김산업", "010203-1234542", "prof162@example.com", "010-1111-2242", "professor", 1, NOW(), NULL),



("prof163", SHA2("abc@123", 256), "박옥자", "010203-1234543", "prof163@example.com", "010-1111-2243", "professor", 1, NOW(), NULL),
("prof164", SHA2("abc@123", 256), "제갈민수", "010203-1234544", "prof164@example.com", "010-1111-2244", "professor", 1, NOW(), NULL),
("prof165", SHA2("abc@123", 256), "김미영", "010203-1234545", "prof165@example.com", "010-1111-2245", "professor", 1, NOW(), NULL),
("hgd123", SHA2("abc@123", 256), "홍길동", "010203-9875643", "hgd123@example.com", "010-2222-1234", "student", 1, NOW(), NULL),
("kyh123", SHA2("abc@123", 256), "김영희", "010203-9875642", "kyh123@example.com", "010-2222-1233", "student", 1, NOW(), NULL),
("kmj123", SHA2("abc@123", 256), "김민지", "010203-9875641", "kmj123@example.com", "010-2222-1232", "student", 1, NOW(), NULL);



INSERT INTO `article_category` VALUES 
("notice"),
("news"),
("column"),
("employment"),
("bulletin"),
("qna");

INSERT INTO `article_status` VALUES ("open"), ("close");


INSERT INTO `club` SET `name`="배드민턴 중앙동아리", `content`="배트민턴 중앙동아리를 소개합니다!";
INSERT INTO `club` (`name`, `content`, `url`) VALUES 
("연극 동아리 Masquerade", "연극 중앙동아리 Masquerade를 소개합니다!", "https://instagram.com"),
("코딩 동아리 Code:us", "코딩 동아리 Code:us를 소개합니다!", "https://facebook.com");

INSERT INTO `college` VALUES 
(1, "인문사회대학"),
(2, "자연과학대학"),
(3, "공과대학"),
(4, "사범대학"),
(5, "대학원");

INSERT INTO `department` VALUES (101, "국어국문학과", "051-123-1001"),
(102, "영어영문학과", "051-123-1002"),
(103, "일어일문학과", "051-123-1003"),
(104, "중어중문학과", "051-123-1004"),
(105, "역사학과", "051-123-1005"),
(106, "경제학과", "051-123-1006"),
(107, "경영학과", "051-123-1007"),
(108, "법학과", "051-123-1008"),
(109, "철학과", "051-123-1009"),
(110, "정치외교학과", "051-123-1010"),
(111, "행정학과", "051-123-1011"),
(112, "사회복지학과", "051-663-4509"),
(113, "유아교육학과", "051-123-1013"),
(201, "수학과", "051-123-2001"),
(202, "물리학과", "051-123-2002"),
(203, "화학과", "051-123-2003"),
(204, "천문학과", "051-123-2004"),
(205, "지구과학과", "051-123-2005"),
(206, "생명과학과", "051-123-2006"),
(207, "미생물학과", "051-123-2007"),
(208, "해양학과", "051-123-2008"),
(301, "기계공학과", "051-123-3001"),
(302, "전자공학과", "051-123-3002"),
(303, "전기공학과", "051-123-3003"),
(304, "컴퓨터공학과", "051-123-3004"),
(305, "건축공학과", "051-123-3005"),
(306, "재료공학과", "051-123-3006"),
(307, "화학공학과", "051-123-3007"),
(401, "국어교육과", "051-123-4001"),
(402, "영어교육과", "051-123-4002"),
(403, "수학교육과", "051-123-4003"),
(404, "윤리학과", "051-123-4004"),
(405, "교육학과", "051-123-4005"),
(406, "사회교육과", "051-123-4006"),
(407, "역사교육과", "051-123-4007"),
(408, "체육교육과", "051-123-4008"),
(409, "특수교육과", "051-123-4009"),
(501, "경영대학원", "051-123-5001"),
(502, "경제대학원", "051-123-5002"),
(503, "행정대학원", "051-123-5003"),
(504, "교육대학원", "051-123-5004"),
(505, "산업대학원", "051-123-5005");

INSERT INTO `faq` (`category`, `question`, `answer`) VALUES 
("휴복학 관련", "일반휴학 연장은 몇 학기까지 가능한가요?", "휴학연장은 1회에 2학기 가능하고 총 6학기 휴학 가능합니다"),
("휴복학 관련", "복학하려고 하는데 어떻게 신청하나요??", "휴학연장은 1회에 2학기 가능하고 총 6학기 휴학 가능합니다"),
("휴복학 관련", "등록금 납부 및 등록 후 일반 휴학 가능한가요? 환불은 언제되나요??", "휴학연장은 1회에 2학기 가능하고 총 6학기 휴학 가능합니다"),
("휴복학 관련", "군휴학을 하려면 입영통지서 말고 어떤 서류가 필요하나요?", "휴학연장은 1회에 2학기 가능하고 총 6학기 휴학 가능합니다"),
("교과 및 학사 관련", "학과별 교과과정과 학사안내를 확인하고 싶은데, 어떻게 확인할 수 있나요?", "홈페이지 내 대학요람(대학생활 안내)를 통해 해당 입학년도, 해당 학과의 교과과정과 학사안내를 확인하세요"),
("교과 및 학사 관련", "복수전공 취소 또는 부전공 전환 신청은 어떻게 하나요?", "홈페이지 내 대학요람(대학생활 안내)를 통해 해당 입학년도, 해당 학과의 교과과정과 학사안내를 확인하세요"),
("교과 및 학사 관련", "수강신청은 어떻게 하나요??", "홈페이지 내 대학요람(대학생활 안내)를 통해 해당 입학년도, 해당 학과의 교과과정과 학사안내를 확인하세요"),
("수강신청 관련", "4학년 2학기에도 최소 12학점을 수강해야 하나요?", "수강신청 안내를 참고하시기 바랍니다."),
("수강신청 관련", "9학기 이상 등록자는 수강신청학점에 따라 등록금이 달라지나요?", "수강신청 안내를 참고하시기 바랍니다."),
("수강신청 관련", "수강신청은 어떻게 하나요??", "수강신청 안내를 참고하시기 바랍니다.");

-- 교수번호 = P + 학과번호 + 교수 고유번호(총 7자리).
-- 예시: P + 112(사회복지학과 번호) + 001(교수 고유번호) = P112001

-- 인문사회대학 교수
INSERT INTO `professor` VALUES 
("P101001", "prof121", 101, 1),
("P102001", "prof122", 102, 1),
("P103001", "prof123", 103, 1),
("P104001", "prof124", 104, 1),
("P105001", "prof125", 105, 1),
("P106001", "prof126", 106, 1),
("P107001", "prof127", 107, 1),
("P108001", "prof128", 108, 1),
("P109001", "prof129", 109, 1),
("P110001", "prof130", 110, 1),
("P111001", "prof131", 111, 1),
("P112001", "jjm123", 112, 1),
("P113001", "prof133", 113, 1);

-- 자연과학대학 교수
INSERT INTO `professor` VALUES 
("P201001", "prof134", 201, 1),
("P202001", "prof135", 202, 1),
("P203001", "prof136", 203, 1),
("P204001", "prof137", 204, 1),
("P205001", "prof138", 205, 1),
("P206001", "prof139", 206, 1),
("P207001", "prof140", 207, 1),
("P208001", "prof141", 208, 1);

-- 공과대학 교수
INSERT INTO `professor` VALUES 
("P301001", "prof142", 301, 1),
("P302001", "prof143", 302, 1),
("P303001", "prof144", 303, 1),
("P304001", "prof145", 304, 1),
("P305001", "prof146", 305, 1),
("P306001", "prof147", 306, 1),
("P307001", "prof148", 307, 1);

-- 사범대학 교수
INSERT INTO `professor` VALUES 
("P401001", "prof149", 401, 1),
("P402001", "prof150", 402, 1),
("P403001", "prof151", 403, 1),
("P404001", "prof152", 404, 1),
("P405001", "prof153", 405, 1),
("P406001", "prof154", 406, 1),
("P407001", "prof155", 407, 1),
("P408001", "prof156", 408, 1),
("P409001", "prof157", 409, 1);

-- 대학원 교수
INSERT INTO `professor` VALUES 
("P501001", "prof158", 501, 1),
("P502001", "prof159", 502, 1),
("P503001", "prof160", 503, 1),
("P504001", "prof161", 504, 1),
("P505001", "prof162", 505, 1);

-- 교과과정(lecture)
-- lecture.`id` = 학과코드(3자리) + 과목 고유번호(3자리)
-- 예시: 112(사회복지학과) + 001(사회복지학개론 고유번호) = 112001
-- id, department_id, professor_id, level, classification(Enum("전공", "선택교양")), name, credit, semester
INSERT INTO lecture VALUES
("304001", 304, "P304001", 1, "전공", "C언어", 3, 1),
("304002", 304, "P304001", 1, "전공", "프로그래밍언어론", 3, 1),
("304003", 304, "P304001", 1, "전공", "컴퓨터과학개론", 3, 1),
("304004", 304, "P304001", 1, "전공", "이산수학", 3, 1),
("304005", 304, "P304001", 1, "전공", "인터넷과웹기초", 3, 1),
("304006", 304, "P304001", 1, "전공", "컴퓨팅사고와인공지능", 3, 1);

INSERT INTO lecture VALUES
("304007", 304, "P304001", 2, "전공", "자바프로그래밍", 3, 1),
("304008", 304, "P304001", 2, "전공", "자료구조", 3, 1),
("304009", 304, "P304001", 2, "전공", "컴퓨터구조", 3, 1),
("304010", 304, "P304001", 2, "전공", "선형대수", 3, 1),
("304011", 304, "P304001", 2, "전공", "알고리즘", 3, 1),
("304012", 304, "P304001", 2, "전공", "HTML/CSS/Javascript", 3, 1);

INSERT INTO lecture VALUES
("304013", 304, "P304001", 3, "전공", "C언어", 3, 1),
("304014", 304, "P304001", 3, "전공", "프로그래밍언어론", 3, 1),
("304015", 304, "P304001", 3, "전공", "컴퓨터과학개론", 3, 1),
("304016", 304, "P304001", 3, "전공", "이산수학", 3, 1),
("304017", 304, "P304001", 3, "전공", "인터넷과웹기초", 3, 1),
("304018", 304, "P304001", 3, "전공", "컴퓨팅사고와인공지능", 3, 1);

INSERT INTO lecture VALUES
("304019", 304, "P304001", 4, "전공", "자바프로그래밍", 3, 1),
("304020", 304, "P304001", 4, "전공", "자료구조", 3, 1),
("304021", 304, "P304001", 4, "전공", "컴퓨터구조", 3, 1),
("304022", 304, "P304001", 4, "전공", "선형대수", 3, 1),
("304023", 304, "P304001", 4, "전공", "알고리즘", 3, 1),
("304024", 304, "P304001", 4, "전공", "HTML/CSS/Javascript", 3, 1);

INSERT INTO lecture VALUES
("102025", 102, "P102001", 1, "선택교양", "English Communication(1)", 2, 1),
("105026", 105, "P105001", 1, "선택교양", "세계역사", 2, 1),
("101027", 101, "P101001", 1, "선택교양", "고전읽기와토론", 2, 1),
("109028", 109, "P102001", 1, "선택교양", "인생과철학", 2, 1),
("304029", 304, "P304001", 1, "선택교양", "기술과의사소통", 2, 1),
("201030", 201, "P201001", 1, "선택교양", "현대사회와수학", 2, 1);

-- 메뉴
INSERT INTO menu VALUES 
(1, "닭안심매콤조림", "바지락미역국", "백미밥", "야끼우동", "두부강정"),
(2, "안심돈까스", "미소된장국", "백미밥", "쫄면", "배추김치"),
(3, "간장게장", "김치찌개", "오곡밥", NULL, NULL);

-- 식단
INSERT INTO meal (menu_id, `date`, `meal_time`) VALUES
(1, "2025-03-17", "lunch"),
(2, "2025-03-18", "lunch"),
(3, "2025-03-19", "lunch"),
(2, "2025-03-20", "lunch"),
(1, "2025-03-21", "lunch"),
(1, "2025-03-17", "breakfast"),
(2, "2025-03-18", "breakfast"),
(3, "2025-03-19", "breakfast"),
(2, "2025-03-20", "breakfast"),
(3, "2025-03-21", "breakfast"),
(3, "2025-03-17", "dinner"),
(2, "2025-03-18", "dinner"),
(1, "2025-03-19", "dinner");

-- 학사일정
INSERT INTO `schedule` VALUES
(1, "대동제", "2025-05-12"),
(2, "개교기념일", "2025-05-30"),
(3, "중간고사", "2025-04-22"),
(4, "중간고사", "2025-04-25"),
(5, "기말고사", "2025-06-17"),
(6, "기말고사", "2025-06-23"),
(7, "근로자의날(휴업일)", "2025-05-01"),
(8, "어린이날, 부처님오신날(휴업일)", "2025-05-05"),
(9, "부처님오신날 대체공휴일(휴업일)", "2025-05-06"),
(10, "성적공시", "2025-06-27"),
(11, "성적공시", "2025-06-30"),
(12, "하계방학, 계절수업 개강", "2025-06-24");

-- 학생정보
INSERT INTO `student` VALUES
("20250001", "hgd123", 112, NULL, 1, 1, 0, 130,"in"),
("20250002", "kyh123", 202, NULL, 1, 1, 0, 130, "grad"),
("20250003", "kmj123", 406, NULL, 1, 1, 0, 130, "break");

-- 학생회
-- image_id는 각 학생회 소개 페이지에 삽입될 대표 이미지 1장을 위한 컬럼.
INSERT INTO `student_council` VALUES 
(1, "총학생회", "총학생회 입니다.", "instagram.com", NULL),
(2, "인문대학생회", "인문대학생회 입니다.", "instagram.com", NULL),
(3, "공과대학생회", "공과대학생회 입니다.", "instagram.com", NULL),
(4, "자연과학대학생회", "자연과학대학학생회 입니다.", "instagram.com", NULL);

-- registry_lecture
-- 수강신청 대상 과목
INSERT INTO `registry_lecture` VALUES
("101027", 0, 30, NOW()),
("201030", 0, 30, NOW()),
("304008", 0, 30, NOW()),
("304021", 0, 30, NOW()),
("304011", 0, 30, NOW());

-- registry
-- 수강신청 내역. 
-- registry와 registry_lecture는 일대일 관계.
-- 한명의 학생이 여러 강의를 수강할 수는 있지만, 한명의 학생이 하나의 강의를 여러번 신청할 수는 없다.
INSERT INTO `registry` VALUES
("20250001", "101027"),
("20250001", "201030"),
("20250001", "304008"),
("20250001", "304011"),
("20250001", "304021");